{"neutral":32.7551255471,"admiration":9.5139368809,"approval":6.7703294172,"gratitude":6.1322275973,"annoyance":5.6899331951,"amusement":5.3628196268,"curiosity":5.0472241419,"love":4.8053443907,"disapproval":4.6579129233,"optimism":3.6420179682,"anger":3.6097673347,"joy":3.3448514167,"confusion":3.1513476158,"sadness":3.0545957153,"disappointment":2.9232895646,"realization":2.5570145128,"caring":2.5040313292,"surprise":2.4418336789,"excitement":1.9649850265,"disgust":1.8267680258,"desire":1.4766182907,"fear":1.3729555402,"remorse":1.2554710896,"embarrassment":0.6979958535,"nervousness":0.3777931352,"relief":0.3524533518,"pride":0.2557014513,"grief":0.1773784842}